{"C": 0.07538417190930821, "gamma": 0.0033105116079302954, "kernel": "linear"}