{"C": 0.007625719789284214, "gamma": 0.20540875480100707, "kernel": "linear"}