{"C": 5.763568243981584, "gamma": 0.4228698799959984, "kernel": "rbf"}