{"C": 0.004541378807392663, "gamma": 0.35372988402337646, "kernel": "linear"}