{"model_type": "gradient_boosting", "data": "pybiomed", "params": {}, "metrics": {"f1": 0.09836065573770493, "acc": 0.08713692946058091, "mcc": -0.042420705713135935, "auc": 0.475974025974026, "precision": 0.9230769230769231, "recall": 0.05194805194805195}, "preprocessing": "StandardScaler"}