{"model_type": "SVM", "data": "pybiomed", "params": {}, "metrics": {"f1": 0.40410958904109595, "acc": 0.27800829875518673, "mcc": 0.025415742960265497, "auc": 0.5277056277056277, "precision": 0.9672131147540983, "recall": 0.2554112554112554}, "preprocessing": "StandardScaler"}