{"C": 0.632200994342982, "gamma": 0.002015092169096326, "kernel": "linear"}