{"C": 0.5444808316817533, "gamma": 0.010054909990744619, "kernel": "rbf"}