{"C": 1.187736934582348, "gamma": 0.0039035303857353877, "kernel": "linear"}